{
  "root": 
  {
    "Children" : 
    [
      {
        "Sprite" :
        {
            "Name" : "s0-0",
        "Position" : [-384,-384,0],
        "Rotation" : [0,0,0],
        "Scale" : [1,1,1],
        "Width" : 128,
        "Height" : 128,
        "Texture" : "../resources/textures/va-tile-2.jpg",
        "Children" : []
        }
      },
      {
        "Sprite" :
        {
            "Name" : "s1-0",
        "Position" : [-256,-384,0],
        "Rotation" : [0,0,0],
        "Scale" : [1,1,1],
        "Width" : 128,
        "Height" : 128,
        "Texture" : "../resources/textures/va-tile-2.jpg",
        "Children" : []
        }
      },
      {
        "Sprite" :
        {
            "Name" : "s2-0",
        "Position" : [-128,-384,0],
        "Rotation" : [0,0,0],
        "Scale" : [1,1,1],
        "Width" : 128,
        "Height" : 128,
        "Texture" : "../resources/textures/va-tile-2.jpg",
        "Children" : []
        }
      },
      {
        "Sprite" :
        {
            "Name" : "s3-0",
        "Position" : [0,-384,0],
        "Rotation" : [0,0,0],
        "Scale" : [1,1,1],
        "Width" : 128,
        "Height" : 128,
        "Texture" : "../resources/textures/va-tile-2.jpg",
        "Children" : []
        }
      },
      {
        "Sprite" :
        {
            "Name" : "s4-0",
        "Position" : [128,-384,0],
        "Rotation" : [0,0,0],
        "Scale" : [1,1,1],
        "Width" : 128,
        "Height" : 128,
        "Texture" : "../resources/textures/va-tile-2.jpg",
        "Children" : []
        }
      },
      {
        "Sprite" :
        {
            "Name" : "s5-0",
        "Position" : [256,-384,0],
        "Rotation" : [0,0,0],
        "Scale" : [1,1,1],
        "Width" : 128,
        "Height" : 128,
        "Texture" : "../resources/textures/va-tile-2.jpg",
        "Children" : []
        }
      },
      {
        "Sprite" :
        {
            "Name" : "s6-0",
        "Position" : [384,-384,0],
        "Rotation" : [0,0,0],
        "Scale" : [1,1,1],
        "Width" : 128,
        "Height" : 128,
        "Texture" : "../resources/textures/va-tile-2.jpg",
        "Children" : []
        }
      },
      {
        "Sprite" :
        {
            "Name" : "s0-1",
        "Position" : [-384,-256,0],
        "Rotation" : [0,0,0],
        "Scale" : [1,1,1],
        "Width" : 128,
        "Height" : 128,
        "Texture" : "../resources/textures/va-tile-2.jpg",
        "Children" : []
        }
      },
      {
        "Sprite" :
        {
            "Name" : "s1-1",
        "Position" : [-256,-256,0],
        "Rotation" : [0,0,0],
        "Scale" : [1,1,1],
        "Width" : 128,
        "Height" : 128,
        "Texture" : "../resources/textures/va-tile-2.jpg",
        "Children" : []
        }
      },
      {
        "Sprite" :
        {
            "Name" : "s2-1",
        "Position" : [-128,-256,0],
        "Rotation" : [0,0,0],
        "Scale" : [1,1,1],
        "Width" : 128,
        "Height" : 128,
        "Texture" : "../resources/textures/va-tile-2.jpg",
        "Children" : []
        }
      },
      {
        "Sprite" :
        {
            "Name" : "s3-1",
        "Position" : [0,-256,0],
        "Rotation" : [0,0,0],
        "Scale" : [1,1,1],
        "Width" : 128,
        "Height" : 128,
        "Texture" : "../resources/textures/va-tile-2.jpg",
        "Children" : []
        }
      },
      {
        "Sprite" :
        {
            "Name" : "s4-1",
        "Position" : [128,-256,0],
        "Rotation" : [0,0,0],
        "Scale" : [1,1,1],
        "Width" : 128,
        "Height" : 128,
        "Texture" : "../resources/textures/va-tile-2.jpg",
        "Children" : []
        }
      },
      {
        "Sprite" :
        {
            "Name" : "s5-1",
        "Position" : [256,-256,0],
        "Rotation" : [0,0,0],
        "Scale" : [1,1,1],
        "Width" : 128,
        "Height" : 128,
        "Texture" : "../resources/textures/va-tile-2.jpg",
        "Children" : []
        }
      },
      {
        "Sprite" :
        {
            "Name" : "s6-1",
        "Position" : [384,-256,0],
        "Rotation" : [0,0,0],
        "Scale" : [1,1,1],
        "Width" : 128,
        "Height" : 128,
        "Texture" : "../resources/textures/va-tile-2.jpg",
        "Children" : []
        }
      },




      {
        "Sprite" :
        {
            "Name" : "s0-2",
        "Position" : [-384,-128,0],
        "Rotation" : [0,0,0],
        "Scale" : [1,1,1],
        "Width" : 128,
        "Height" : 128,
        "Texture" : "../resources/textures/va-tile-2.jpg",
        "Children" : []
        }
      },
      {
        "Sprite" :
        {
            "Name" : "s1-2",
        "Position" : [-256,-128,0],
        "Rotation" : [0,0,0],
        "Scale" : [1,1,1],
        "Width" : 128,
        "Height" : 128,
        "Texture" : "../resources/textures/va-tile-2.jpg",
        "Children" : []
        }
      },
      {
        "Sprite" :
        {
            "Name" : "s2-2",
        "Position" : [-128,-128,0],
        "Rotation" : [0,0,0],
        "Scale" : [1,1,1],
        "Width" : 128,
        "Height" : 128,
        "Texture" : "../resources/textures/va-tile-2.jpg",
        "Children" : []
        }
      },
      {
        "Sprite" :
        {
            "Name" : "s3-2",
        "Position" : [0,-128,0],
        "Rotation" : [0,0,0],
        "Scale" : [1,1,1],
        "Width" : 128,
        "Height" : 128,
        "Texture" : "../resources/textures/va-tile-2.jpg",
        "Children" : []
        }
      },
      {
        "Sprite" :
        {
            "Name" : "s4-2",
        "Position" : [128,-128,0],
        "Rotation" : [0,0,0],
        "Scale" : [1,1,1],
        "Width" : 128,
        "Height" : 128,
        "Texture" : "../resources/textures/va-tile-2.jpg",
        "Children" : []
        }
      },
      {
        "Sprite" :
        {
            "Name" : "s5-2",
        "Position" : [256,-128,0],
        "Rotation" : [0,0,0],
        "Scale" : [1,1,1],
        "Width" : 128,
        "Height" : 128,
        "Texture" : "../resources/textures/va-tile-2.jpg",
        "Children" : []
        }
      },
      {
        "Sprite" :
        {
            "Name" : "s6-2",
        "Position" : [384,-128,0],
        "Rotation" : [0,0,0],
        "Scale" : [1,1,1],
        "Width" : 128,
        "Height" : 128,
        "Texture" : "../resources/textures/va-tile-2.jpg",
        "Children" : []
        }
      },


      {
        "Sprite" :
        {
            "Name" : "s0-3",
        "Position" : [-384,0,0],
        "Rotation" : [0,0,0],
        "Scale" : [1,1,1],
        "Width" : 128,
        "Height" : 128,
        "Texture" : "../resources/textures/va-tile-2.jpg",
        "Children" : []
        }
      },
      {
        "Sprite" :
        {
            "Name" : "s1-3",
        "Position" : [-256,0,0],
        "Rotation" : [0,0,0],
        "Scale" : [1,1,1],
        "Width" : 128,
        "Height" : 128,
        "Texture" : "../resources/textures/va-tile-2.jpg",
        "Children" : []
        }
      },
      {
        "Sprite" :
        {
            "Name" : "s2-3",
        "Position" : [-128,0,0],
        "Rotation" : [0,0,0],
        "Scale" : [1,1,1],
        "Width" : 128,
        "Height" : 128,
        "Texture" : "../resources/textures/va-tile-2.jpg",
        "Children" : []
        }
      },
      {
        "Sprite" :
        {
            "Name" : "s3-3",
        "Position" : [0,0,0],
        "Rotation" : [0,0,0],
        "Scale" : [1,1,1],
        "Width" : 128,
        "Height" : 128,
        "Texture" : "../resources/textures/va-tile-2.jpg",
        "Children" : []
        }
      },
      {
        "Sprite" :
        {
            "Name" : "s4-3",
        "Position" : [128,0,0],
        "Rotation" : [0,0,0],
        "Scale" : [1,1,1],
        "Width" : 128,
        "Height" : 128,
        "Texture" : "../resources/textures/va-tile-2.jpg",
        "Children" : []
        }
      },
      {
        "Sprite" :
        {
            "Name" : "s5-3",
        "Position" : [256,0,0],
        "Rotation" : [0,0,0],
        "Scale" : [1,1,1],
        "Width" : 128,
        "Height" : 128,
        "Texture" : "../resources/textures/va-tile-2.jpg",
        "Children" : []
        }
      },
      {
        "Sprite" :
        {
            "Name" : "s6-3",
        "Position" : [384,0,0],
        "Rotation" : [0,0,0],
        "Scale" : [1,1,1],
        "Width" : 128,
        "Height" : 128,
        "Texture" : "../resources/textures/va-tile-2.jpg",
        "Children" : []
        }
      },



      {
        "Sprite" :
        {
            "Name" : "s0-4",
        "Position" : [-384,128,0],
        "Rotation" : [0,0,0],
        "Scale" : [1,1,1],
        "Width" : 128,
        "Height" : 128,
        "Texture" : "../resources/textures/va-tile-2.jpg",
        "Children" : []
        }
      },
      {
        "Sprite" :
        {
            "Name" : "s1-4",
        "Position" : [-256,128,0],
        "Rotation" : [0,0,0],
        "Scale" : [1,1,1],
        "Width" : 128,
        "Height" : 128,
        "Texture" : "../resources/textures/va-tile-2.jpg",
        "Children" : []
        }
      },
      {
        "Sprite" :
        {
            "Name" : "s2-4",
        "Position" : [-128,128,0],
        "Rotation" : [0,0,0],
        "Scale" : [1,1,1],
        "Width" : 128,
        "Height" : 128,
        "Texture" : "../resources/textures/va-tile-2.jpg",
        "Children" : []
        }
      },
      {
        "Sprite" :
        {
            "Name" : "s3-4",
        "Position" : [0,128,0],
        "Rotation" : [0,0,0],
        "Scale" : [1,1,1],
        "Width" : 128,
        "Height" : 128,
        "Texture" : "../resources/textures/va-tile-2.jpg",
        "Children" : []
        }
      },
      {
        "Sprite" :
        {
            "Name" : "s4-4",
        "Position" : [128,128,0],
        "Rotation" : [0,0,0],
        "Scale" : [1,1,1],
        "Width" : 128,
        "Height" : 128,
        "Texture" : "../resources/textures/va-tile-2.jpg",
        "Children" : []
        }
      },
      {
        "Sprite" :
        {
            "Name" : "s5-4",
        "Position" : [256,128,0],
        "Rotation" : [0,0,0],
        "Scale" : [1,1,1],
        "Width" : 128,
        "Height" : 128,
        "Texture" : "../resources/textures/va-tile-2.jpg",
        "Children" : []
        }
      },
      {
        "Sprite" :
        {
            "Name" : "s6-4",
        "Position" : [384,128,0],
        "Rotation" : [0,0,0],
        "Scale" : [1,1,1],
        "Width" : 128,
        "Height" : 128,
        "Texture" : "../resources/textures/va-tile-2.jpg",
        "Children" : []
        }
      },



      {
        "Sprite" :
        {
            "Name" : "s0-5",
        "Position" : [-384,256,0],
        "Rotation" : [0,0,0],
        "Scale" : [1,1,1],
        "Width" : 128,
        "Height" : 128,
        "Texture" : "../resources/textures/va-tile-2.jpg",
        "Children" : []
        }
      },
      {
        "Sprite" :
        {
            "Name" : "s1-5",
        "Position" : [-256,256,0],
        "Rotation" : [0,0,0],
        "Scale" : [1,1,1],
        "Width" : 128,
        "Height" : 128,
        "Texture" : "../resources/textures/va-tile-2.jpg",
        "Children" : []
        }
      },
      {
        "Sprite" :
        {
            "Name" : "s2-5",
        "Position" : [-128,256,0],
        "Rotation" : [0,0,0],
        "Scale" : [1,1,1],
        "Width" : 128,
        "Height" : 128,
        "Texture" : "../resources/textures/va-tile-2.jpg",
        "Children" : []
        }
      },
      {
        "Sprite" :
        {
            "Name" : "s3-5",
        "Position" : [0,256,0],
        "Rotation" : [0,0,0],
        "Scale" : [1,1,1],
        "Width" : 128,
        "Height" : 128,
        "Texture" : "../resources/textures/va-tile-2.jpg",
        "Children" : []
        }
      },
      {
        "Sprite" :
        {
            "Name" : "s4-5",
        "Position" : [128,256,0],
        "Rotation" : [0,0,0],
        "Scale" : [1,1,1],
        "Width" : 128,
        "Height" : 128,
        "Texture" : "../resources/textures/va-tile-2.jpg",
        "Children" : []
        }
      },
      {
        "Sprite" :
        {
            "Name" : "s5-5",
        "Position" : [256,256,0],
        "Rotation" : [0,0,0],
        "Scale" : [1,1,1],
        "Width" : 128,
        "Height" : 128,
        "Texture" : "../resources/textures/va-tile-2.jpg",
        "Children" : []
        }
      },
      {
        "Sprite" :
        {
            "Name" : "s6-5",
        "Position" : [384,256,0],
        "Rotation" : [0,0,0],
        "Scale" : [1,1,1],
        "Width" : 128,
        "Height" : 128,
        "Texture" : "../resources/textures/va-tile-2.jpg",
        "Children" : []
        }
      }
      ,
      {
        "Sprite" :
        {
            "Name" : "pressR",
        "Position" : [0,-128,0],
        "Rotation" : [0,0,0],
        "Scale" : [1,1,1],
        "Width" : 800,
        "Height" : 128,
        "Texture" : "../resources/textures/end-text-1.png",
        "Children" : []
        }
      }
    ]
  }
}

